-- ═══════════════════════════════════════════════════════════════════════════════
-- NEXTRACEONE — Seed data: Identity Module (nextraceone_identity)
-- Tabelas: identity_tenants, identity_users, identity_tenant_memberships,
--          identity_environments, identity_environment_accesses, identity_security_events
-- ═══════════════════════════════════════════════════════════════════════════════

-- Tenant
INSERT INTO identity_tenants ("Id", "Name", "Slug", "IsActive", "CreatedAt")
VALUES
  ('a0000000-0000-0000-0000-000000000001', 'NexTrace Corp', 'nexttrace-corp', true, '2025-01-01T00:00:00Z'),
  ('a0000000-0000-0000-0000-000000000002', 'Acme Fintech', 'acme-fintech', true, '2025-02-01T00:00:00Z')
ON CONFLICT DO NOTHING;

-- Users (password: Admin@123 for all)
-- Hash gerado com PBKDF2-SHA256 100k iterations, formato v1.{salt}.{hash}
INSERT INTO identity_users ("Id", "Email", "first_name", "last_name", "PasswordHash", "IsActive", "LastLoginAt", "FailedLoginAttempts")
VALUES
  ('b0000000-0000-0000-0000-000000000001', 'admin@nextraceone.dev', 'Admin', 'NexTrace', 'v1.JmfnVELOwwfJunLeGbMN/g==.nkH8yRKF34TIfYNWcx84oAGJ+f2Q725ByMUk1JC7TNw=', true, '2025-06-01T10:00:00Z', 0),
  ('b0000000-0000-0000-0000-000000000002', 'techlead@nextraceone.dev', 'Maria', 'Silva', 'v1.JmfnVELOwwfJunLeGbMN/g==.nkH8yRKF34TIfYNWcx84oAGJ+f2Q725ByMUk1JC7TNw=', true, '2025-06-01T09:30:00Z', 0),
  ('b0000000-0000-0000-0000-000000000003', 'dev@nextraceone.dev', 'João', 'Santos', 'v1.JmfnVELOwwfJunLeGbMN/g==.nkH8yRKF34TIfYNWcx84oAGJ+f2Q725ByMUk1JC7TNw=', true, '2025-06-01T08:00:00Z', 0),
  ('b0000000-0000-0000-0000-000000000004', 'auditor@nextraceone.dev', 'Carlos', 'Mendes', 'v1.JmfnVELOwwfJunLeGbMN/g==.nkH8yRKF34TIfYNWcx84oAGJ+f2Q725ByMUk1JC7TNw=', true, '2025-05-28T14:00:00Z', 0),
  ('b0000000-0000-0000-0000-000000000005', 'ana.costa@nextraceone.dev', 'Ana', 'Costa', 'v1.JmfnVELOwwfJunLeGbMN/g==.nkH8yRKF34TIfYNWcx84oAGJ+f2Q725ByMUk1JC7TNw=', true, '2025-06-02T11:00:00Z', 0),
  ('b0000000-0000-0000-0000-000000000006', 'pedro.alves@nextraceone.dev', 'Pedro', 'Alves', 'v1.JmfnVELOwwfJunLeGbMN/g==.nkH8yRKF34TIfYNWcx84oAGJ+f2Q725ByMUk1JC7TNw=', true, '2025-06-02T09:15:00Z', 0),
  ('b0000000-0000-0000-0000-000000000007', 'lucia.ferreira@nextraceone.dev', 'Lúcia', 'Ferreira', 'v1.JmfnVELOwwfJunLeGbMN/g==.nkH8yRKF34TIfYNWcx84oAGJ+f2Q725ByMUk1JC7TNw=', true, '2025-06-01T16:45:00Z', 0),
  ('b0000000-0000-0000-0000-000000000008', 'rafael.lima@nextraceone.dev', 'Rafael', 'Lima', 'v1.JmfnVELOwwfJunLeGbMN/g==.nkH8yRKF34TIfYNWcx84oAGJ+f2Q725ByMUk1JC7TNw=', true, '2025-05-30T10:20:00Z', 1),
  ('b0000000-0000-0000-0000-000000000009', 'camila.rocha@nextraceone.dev', 'Camila', 'Rocha', 'v1.JmfnVELOwwfJunLeGbMN/g==.nkH8yRKF34TIfYNWcx84oAGJ+f2Q725ByMUk1JC7TNw=', true, '2025-06-02T08:00:00Z', 0),
  ('b0000000-0000-0000-0000-000000000010', 'felipe.souza@nextraceone.dev', 'Felipe', 'Souza', 'v1.JmfnVELOwwfJunLeGbMN/g==.nkH8yRKF34TIfYNWcx84oAGJ+f2Q725ByMUk1JC7TNw=', true, '2025-06-01T14:30:00Z', 0)
ON CONFLICT DO NOTHING;

-- Tenant Memberships
INSERT INTO identity_tenant_memberships ("Id", "UserId", "TenantId", "RoleId", "JoinedAt", "IsActive")
VALUES
  -- NexTrace Corp
  ('e0000000-0000-0000-0000-000000000001', 'b0000000-0000-0000-0000-000000000001', 'a0000000-0000-0000-0000-000000000001', '1e91a557-fade-46df-b248-0f5f5899c001', '2025-01-01T00:00:00Z', true),
  ('e0000000-0000-0000-0000-000000000002', 'b0000000-0000-0000-0000-000000000002', 'a0000000-0000-0000-0000-000000000001', '1e91a557-fade-46df-b248-0f5f5899c002', '2025-01-01T00:00:00Z', true),
  ('e0000000-0000-0000-0000-000000000003', 'b0000000-0000-0000-0000-000000000003', 'a0000000-0000-0000-0000-000000000001', '1e91a557-fade-46df-b248-0f5f5899c003', '2025-01-15T00:00:00Z', true),
  ('e0000000-0000-0000-0000-000000000004', 'b0000000-0000-0000-0000-000000000004', 'a0000000-0000-0000-0000-000000000001', '1e91a557-fade-46df-b248-0f5f5899c005', '2025-02-01T00:00:00Z', true),
  ('e0000000-0000-0000-0000-000000000005', 'b0000000-0000-0000-0000-000000000005', 'a0000000-0000-0000-0000-000000000001', '1e91a557-fade-46df-b248-0f5f5899c003', '2025-03-01T00:00:00Z', true),
  ('e0000000-0000-0000-0000-000000000006', 'b0000000-0000-0000-0000-000000000006', 'a0000000-0000-0000-0000-000000000001', '1e91a557-fade-46df-b248-0f5f5899c002', '2025-03-10T00:00:00Z', true),
  ('e0000000-0000-0000-0000-000000000007', 'b0000000-0000-0000-0000-000000000007', 'a0000000-0000-0000-0000-000000000001', '1e91a557-fade-46df-b248-0f5f5899c003', '2025-03-15T00:00:00Z', true),
  ('e0000000-0000-0000-0000-000000000008', 'b0000000-0000-0000-0000-000000000008', 'a0000000-0000-0000-0000-000000000001', '1e91a557-fade-46df-b248-0f5f5899c003', '2025-04-01T00:00:00Z', true),
  -- Acme Fintech
  ('e0000000-0000-0000-0000-000000000009', 'b0000000-0000-0000-0000-000000000009', 'a0000000-0000-0000-0000-000000000002', '1e91a557-fade-46df-b248-0f5f5899c001', '2025-02-01T00:00:00Z', true),
  ('e0000000-0000-0000-0000-000000000010', 'b0000000-0000-0000-0000-000000000010', 'a0000000-0000-0000-0000-000000000002', '1e91a557-fade-46df-b248-0f5f5899c005', '2025-02-15T00:00:00Z', true)
ON CONFLICT DO NOTHING;

-- Environments
INSERT INTO identity_environments ("Id", "TenantId", "Name", "Slug", "SortOrder", "IsActive", "CreatedAt")
VALUES
  -- NexTrace Corp
  ('f0000000-0000-0000-0000-000000000001', 'a0000000-0000-0000-0000-000000000001', 'Development', 'dev', 1, true, '2025-01-01T00:00:00Z'),
  ('f0000000-0000-0000-0000-000000000002', 'a0000000-0000-0000-0000-000000000001', 'Staging', 'staging', 2, true, '2025-01-01T00:00:00Z'),
  ('f0000000-0000-0000-0000-000000000003', 'a0000000-0000-0000-0000-000000000001', 'Production', 'prod', 3, true, '2025-01-01T00:00:00Z'),
  -- Acme Fintech
  ('f0000000-0000-0000-0000-000000000004', 'a0000000-0000-0000-0000-000000000002', 'Development', 'dev', 1, true, '2025-02-01T00:00:00Z'),
  ('f0000000-0000-0000-0000-000000000005', 'a0000000-0000-0000-0000-000000000002', 'Production', 'prod', 2, true, '2025-02-01T00:00:00Z')
ON CONFLICT DO NOTHING;

-- Environment Accesses
INSERT INTO identity_environment_accesses ("Id", "UserId", "TenantId", "EnvironmentId", "GrantedBy", "AccessLevel", "GrantedAt", "ExpiresAt", "RevokedAt", "IsActive")
VALUES
  ('fa000000-0000-0000-0000-000000000001', 'b0000000-0000-0000-0000-000000000001', 'a0000000-0000-0000-0000-000000000001', 'f0000000-0000-0000-0000-000000000003', 'b0000000-0000-0000-0000-000000000001', 'Admin', '2025-01-01T00:00:00Z', NULL, NULL, true),
  ('fa000000-0000-0000-0000-000000000002', 'b0000000-0000-0000-0000-000000000002', 'a0000000-0000-0000-0000-000000000001', 'f0000000-0000-0000-0000-000000000003', 'b0000000-0000-0000-0000-000000000001', 'ReadWrite', '2025-01-01T00:00:00Z', NULL, NULL, true),
  ('fa000000-0000-0000-0000-000000000003', 'b0000000-0000-0000-0000-000000000003', 'a0000000-0000-0000-0000-000000000001', 'f0000000-0000-0000-0000-000000000001', 'b0000000-0000-0000-0000-000000000001', 'ReadWrite', '2025-01-15T00:00:00Z', NULL, NULL, true),
  ('fa000000-0000-0000-0000-000000000004', 'b0000000-0000-0000-0000-000000000003', 'a0000000-0000-0000-0000-000000000001', 'f0000000-0000-0000-0000-000000000002', 'b0000000-0000-0000-0000-000000000002', 'ReadOnly', '2025-02-01T00:00:00Z', NULL, NULL, true),
  ('fa000000-0000-0000-0000-000000000005', 'b0000000-0000-0000-0000-000000000005', 'a0000000-0000-0000-0000-000000000001', 'f0000000-0000-0000-0000-000000000001', 'b0000000-0000-0000-0000-000000000001', 'ReadWrite', '2025-03-01T00:00:00Z', NULL, NULL, true),
  ('fa000000-0000-0000-0000-000000000006', 'b0000000-0000-0000-0000-000000000006', 'a0000000-0000-0000-0000-000000000001', 'f0000000-0000-0000-0000-000000000003', 'b0000000-0000-0000-0000-000000000001', 'ReadWrite', '2025-03-10T00:00:00Z', NULL, NULL, true),
  ('fa000000-0000-0000-0000-000000000007', 'b0000000-0000-0000-0000-000000000007', 'a0000000-0000-0000-0000-000000000001', 'f0000000-0000-0000-0000-000000000001', 'b0000000-0000-0000-0000-000000000002', 'ReadWrite', '2025-03-15T00:00:00Z', NULL, NULL, true),
  ('fa000000-0000-0000-0000-000000000008', 'b0000000-0000-0000-0000-000000000008', 'a0000000-0000-0000-0000-000000000001', 'f0000000-0000-0000-0000-000000000001', 'b0000000-0000-0000-0000-000000000006', 'ReadWrite', '2025-04-01T00:00:00Z', '2025-12-31T23:59:59Z', NULL, true)
ON CONFLICT DO NOTHING;

-- Security Events
INSERT INTO identity_security_events ("Id", "TenantId", "UserId", "SessionId", "EventType", "Description", "RiskScore", "IpAddress", "UserAgent", "MetadataJson", "OccurredAt", "IsReviewed", "ReviewedAt", "ReviewedBy")
VALUES
  ('fb000000-0000-0000-0000-000000000001', 'a0000000-0000-0000-0000-000000000001', 'b0000000-0000-0000-0000-000000000001', NULL, 'LoginSuccess', 'Successful local login from known IP', 5, '192.168.1.100', 'Mozilla/5.0 Chrome/125.0', '{"location":"São Paulo","method":"Local"}', '2025-06-01T10:00:00Z', true, '2025-06-01T12:00:00Z', 'b0000000-0000-0000-0000-000000000001'),
  ('fb000000-0000-0000-0000-000000000002', 'a0000000-0000-0000-0000-000000000001', 'b0000000-0000-0000-0000-000000000008', NULL, 'LoginFailed', 'Failed login attempt — incorrect password', 35, '10.0.0.55', 'Mozilla/5.0 Firefox/127.0', '{"attempts":1,"location":"Rio de Janeiro"}', '2025-05-30T10:18:00Z', false, NULL, NULL),
  ('fb000000-0000-0000-0000-000000000003', 'a0000000-0000-0000-0000-000000000001', 'b0000000-0000-0000-0000-000000000003', NULL, 'UnusualLocation', 'Login from new geographic location detected', 60, '203.45.67.89', 'Mozilla/5.0 Safari/17.5', '{"location":"Tokyo, Japan","previousLocations":["São Paulo","Curitiba"]}', '2025-06-01T03:15:00Z', false, NULL, NULL),
  ('fb000000-0000-0000-0000-000000000004', 'a0000000-0000-0000-0000-000000000001', 'b0000000-0000-0000-0000-000000000002', NULL, 'RapidApproval', 'Workflow approved in less than 10 seconds', 45, '192.168.1.102', 'Mozilla/5.0 Chrome/125.0', '{"workflowId":"51000000-0000-0000-0000-000000000002","approvalTimeSeconds":7}', '2025-05-20T17:45:05Z', true, '2025-05-21T09:00:00Z', 'b0000000-0000-0000-0000-000000000001'),
  ('fb000000-0000-0000-0000-000000000005', 'a0000000-0000-0000-0000-000000000001', 'b0000000-0000-0000-0000-000000000005', NULL, 'OffHoursAccess', 'Access attempt outside normal business hours', 25, '192.168.1.110', 'Mozilla/5.0 Chrome/125.0', '{"accessTime":"03:45","normalRange":"08:00-20:00"}', '2025-06-02T03:45:00Z', false, NULL, NULL),
  ('fb000000-0000-0000-0000-000000000006', 'a0000000-0000-0000-0000-000000000001', NULL, NULL, 'BruteForceAttempt', 'Multiple failed login attempts from single IP in 5 minutes', 80, '185.220.101.34', 'python-requests/2.31.0', '{"targetEmails":["admin@nextraceone.dev","root@nextraceone.dev"],"attempts":15,"windowMinutes":5}', '2025-05-25T14:22:00Z', true, '2025-05-25T14:30:00Z', 'b0000000-0000-0000-0000-000000000001'),
  ('fb000000-0000-0000-0000-000000000007', 'a0000000-0000-0000-0000-000000000001', 'b0000000-0000-0000-0000-000000000006', NULL, 'MultipleSessions', 'User has 4 concurrent active sessions', 30, '192.168.1.106', 'Mozilla/5.0 Chrome/125.0', '{"activeSessions":4,"maxExpected":2}', '2025-06-02T09:15:00Z', false, NULL, NULL),
  ('fb000000-0000-0000-0000-000000000008', 'a0000000-0000-0000-0000-000000000001', 'b0000000-0000-0000-0000-000000000007', NULL, 'FirstAccessResource', 'First time accessing Production environment', 20, '192.168.1.107', 'Mozilla/5.0 Chrome/125.0', '{"resource":"Production","previousAccess":"never"}', '2025-06-01T16:45:00Z', false, NULL, NULL)
ON CONFLICT DO NOTHING;
