-- ═══════════════════════════════════════════════════════════════════════════════
-- NEXTRACEONE — Seed data: Audit Module (nextraceone_audit)
-- Tabelas: aud_audit_events, aud_audit_chain_links, aud_retention_policies
-- ═══════════════════════════════════════════════════════════════════════════════

INSERT INTO aud_audit_events ("Id", "SourceModule", "ActionType", "ResourceId", "ResourceType", "PerformedBy", "OccurredAt", "TenantId", "Payload")
VALUES
  ('70000000-0000-0000-0000-000000000001', 'Identity', 'UserCreated', 'b0000000-0000-0000-0000-000000000001', 'User', 'system', '2025-01-01T00:00:00Z', 'a0000000-0000-0000-0000-000000000001', '{"email":"admin@nextraceone.dev","role":"PlatformAdmin"}'),
  ('70000000-0000-0000-0000-000000000002', 'Identity', 'UserCreated', 'b0000000-0000-0000-0000-000000000002', 'User', 'admin@nextraceone.dev', '2025-01-01T00:01:00Z', 'a0000000-0000-0000-0000-000000000001', '{"email":"techlead@nextraceone.dev","role":"TechLead"}'),
  ('70000000-0000-0000-0000-000000000003', 'Contracts', 'ContractImported', '20000000-0000-0000-0000-000000000001', 'ContractVersion', 'admin@nextraceone.dev', '2025-03-01T10:00:00Z', 'a0000000-0000-0000-0000-000000000001', '{"apiAssetId":"d0000000-0000-0000-0000-000000000001","version":"1.2.0"}'),
  ('70000000-0000-0000-0000-000000000004', 'Contracts', 'ContractImported', '20000000-0000-0000-0000-000000000002', 'ContractVersion', 'dev@nextraceone.dev', '2025-05-15T14:00:00Z', 'a0000000-0000-0000-0000-000000000001', '{"apiAssetId":"d0000000-0000-0000-0000-000000000001","version":"1.3.0"}'),
  ('70000000-0000-0000-0000-000000000005', 'ChangeIntelligence', 'ReleaseCreated', '30000000-0000-0000-0000-000000000001', 'Release', 'dev@nextraceone.dev', '2025-05-15T15:00:00Z', 'a0000000-0000-0000-0000-000000000001', '{"service":"Orders Service","version":"1.3.0","environment":"Production"}'),
  ('70000000-0000-0000-0000-000000000006', 'Workflow', 'WorkflowApproved', '51000000-0000-0000-0000-000000000001', 'WorkflowInstance', 'techlead@nextraceone.dev', '2025-05-15T15:35:00Z', 'a0000000-0000-0000-0000-000000000001', '{"stage":"Tech Lead Review","decision":"Approved"}'),
  ('70000000-0000-0000-0000-000000000007', 'Promotion', 'PromotionApproved', '62000000-0000-0000-0000-000000000001', 'PromotionRequest', 'admin@nextraceone.dev', '2025-05-15T17:00:00Z', 'a0000000-0000-0000-0000-000000000001', '{"release":"Orders API v1.3.0","from":"Staging","to":"Production"}'),
  ('70000000-0000-0000-0000-000000000008', 'Identity', 'UserLogin', 'b0000000-0000-0000-0000-000000000001', 'User', 'admin@nextraceone.dev', '2025-06-01T10:00:00Z', 'a0000000-0000-0000-0000-000000000001', '{"ip":"127.0.0.1","method":"Local"}'),
  ('70000000-0000-0000-0000-000000000009', 'EngineeringGraph', 'ServiceRegistered', 'c0000000-0000-0000-0000-000000000001', 'ServiceAsset', 'admin@nextraceone.dev', '2025-02-01T10:00:00Z', 'a0000000-0000-0000-0000-000000000001', '{"name":"Orders Service","domain":"Commerce"}'),
  ('70000000-0000-0000-0000-000000000010', 'Licensing', 'LicenseActivated', '10000000-0000-0000-0000-000000000001', 'License', 'admin@nextraceone.dev', '2025-01-02T10:00:00Z', 'a0000000-0000-0000-0000-000000000001', '{"licenseKey":"NXTRC-ENT-2025-DEMO-KEY1","edition":"Enterprise"}'),
  ('70000000-0000-0000-0000-000000000011', 'Identity', 'UserCreated', 'b0000000-0000-0000-0000-000000000003', 'User', 'admin@nextraceone.dev', '2025-01-15T00:00:00Z', 'a0000000-0000-0000-0000-000000000001', '{"email":"dev@nextraceone.dev","role":"Developer"}'),
  ('70000000-0000-0000-0000-000000000012', 'Identity', 'UserCreated', 'b0000000-0000-0000-0000-000000000004', 'User', 'admin@nextraceone.dev', '2025-02-01T00:00:00Z', 'a0000000-0000-0000-0000-000000000001', '{"email":"auditor@nextraceone.dev","role":"Auditor"}'),
  ('70000000-0000-0000-0000-000000000013', 'Identity', 'UserCreated', 'b0000000-0000-0000-0000-000000000005', 'User', 'admin@nextraceone.dev', '2025-03-01T00:00:00Z', 'a0000000-0000-0000-0000-000000000001', '{"email":"ana.costa@nextraceone.dev","role":"Developer"}'),
  ('70000000-0000-0000-0000-000000000014', 'Identity', 'UserCreated', 'b0000000-0000-0000-0000-000000000006', 'User', 'admin@nextraceone.dev', '2025-03-10T00:00:00Z', 'a0000000-0000-0000-0000-000000000001', '{"email":"pedro.alves@nextraceone.dev","role":"TechLead"}'),
  ('70000000-0000-0000-0000-000000000015', 'Identity', 'UserCreated', 'b0000000-0000-0000-0000-000000000007', 'User', 'admin@nextraceone.dev', '2025-03-15T00:00:00Z', 'a0000000-0000-0000-0000-000000000001', '{"email":"lucia.ferreira@nextraceone.dev","role":"Developer"}'),
  ('70000000-0000-0000-0000-000000000016', 'Identity', 'UserCreated', 'b0000000-0000-0000-0000-000000000008', 'User', 'admin@nextraceone.dev', '2025-04-01T00:00:00Z', 'a0000000-0000-0000-0000-000000000001', '{"email":"rafael.lima@nextraceone.dev","role":"Developer"}'),
  ('70000000-0000-0000-0000-000000000017', 'EngineeringGraph', 'ServiceRegistered', 'c0000000-0000-0000-0000-000000000002', 'ServiceAsset', 'admin@nextraceone.dev', '2025-02-01T10:30:00Z', 'a0000000-0000-0000-0000-000000000001', '{"name":"Payments Service","domain":"Finance"}'),
  ('70000000-0000-0000-0000-000000000018', 'EngineeringGraph', 'ServiceRegistered', 'c0000000-0000-0000-0000-000000000006', 'ServiceAsset', 'lucia.ferreira@nextraceone.dev', '2025-04-15T08:00:00Z', 'a0000000-0000-0000-0000-000000000001', '{"name":"Shipping Service","domain":"Logistics"}'),
  ('70000000-0000-0000-0000-000000000019', 'EngineeringGraph', 'ServiceRegistered', 'c0000000-0000-0000-0000-000000000008', 'ServiceAsset', 'pedro.alves@nextraceone.dev', '2025-03-05T07:00:00Z', 'a0000000-0000-0000-0000-000000000001', '{"name":"Gateway Service","domain":"Platform"}'),
  ('70000000-0000-0000-0000-000000000020', 'Contracts', 'ContractImported', '20000000-0000-0000-0000-000000000009', 'ContractVersion', 'lucia.ferreira@nextraceone.dev', '2025-04-15T09:00:00Z', 'a0000000-0000-0000-0000-000000000001', '{"apiAssetId":"d0000000-0000-0000-0000-000000000006","version":"1.0.0"}'),
  ('70000000-0000-0000-0000-000000000021', 'Contracts', 'ContractImported', '20000000-0000-0000-0000-000000000012', 'ContractVersion', 'pedro.alves@nextraceone.dev', '2025-06-01T10:00:00Z', 'a0000000-0000-0000-0000-000000000001', '{"apiAssetId":"d0000000-0000-0000-0000-000000000008","version":"2.0.0"}'),
  ('70000000-0000-0000-0000-000000000022', 'Contracts', 'ContractImported', '20000000-0000-0000-0000-000000000014', 'ContractVersion', 'ana.costa@nextraceone.dev', '2025-05-25T11:00:00Z', 'a0000000-0000-0000-0000-000000000001', '{"apiAssetId":"d0000000-0000-0000-0000-000000000009","version":"1.2.0"}'),
  ('70000000-0000-0000-0000-000000000023', 'ChangeIntelligence', 'ReleaseCreated', '30000000-0000-0000-0000-000000000007', 'Release', 'lucia.ferreira@nextraceone.dev', '2025-04-15T10:00:00Z', 'a0000000-0000-0000-0000-000000000001', '{"service":"Shipping Service","version":"1.0.0","environment":"Production"}'),
  ('70000000-0000-0000-0000-000000000024', 'ChangeIntelligence', 'ReleaseCreated', '30000000-0000-0000-0000-000000000008', 'Release', 'pedro.alves@nextraceone.dev', '2025-06-01T11:00:00Z', 'a0000000-0000-0000-0000-000000000001', '{"service":"Gateway Service","version":"2.0.0","environment":"Staging"}'),
  ('70000000-0000-0000-0000-000000000025', 'Workflow', 'WorkflowSubmitted', '51000000-0000-0000-0000-000000000005', 'WorkflowInstance', 'pedro.alves@nextraceone.dev', '2025-06-01T11:30:00Z', 'a0000000-0000-0000-0000-000000000001', '{"template":"Breaking Change Workflow","release":"Gateway API v2.0.0"}'),
  ('70000000-0000-0000-0000-000000000026', 'Workflow', 'WorkflowRejected', '51000000-0000-0000-0000-000000000008', 'WorkflowInstance', 'pedro.alves@nextraceone.dev', '2025-06-02T14:45:00Z', 'a0000000-0000-0000-0000-000000000001', '{"stage":"Tech Lead Review","decision":"Rejected","reason":"Lint checks failed"}'),
  ('70000000-0000-0000-0000-000000000027', 'Promotion', 'PromotionCompleted', '62000000-0000-0000-0000-000000000004', 'PromotionRequest', 'techlead@nextraceone.dev', '2025-04-15T11:30:00Z', 'a0000000-0000-0000-0000-000000000001', '{"release":"Shipping API v1.0.0","from":"Staging","to":"Production"}'),
  ('70000000-0000-0000-0000-000000000028', 'Promotion', 'PromotionRejected', '62000000-0000-0000-0000-000000000007', 'PromotionRequest', 'system', '2025-06-02T15:10:00Z', 'a0000000-0000-0000-0000-000000000001', '{"release":"Orders API v1.4.0","from":"Development","to":"Staging","reason":"Gate evaluation failed"}'),
  ('70000000-0000-0000-0000-000000000029', 'Identity', 'UserLogin', 'b0000000-0000-0000-0000-000000000002', 'User', 'techlead@nextraceone.dev', '2025-06-01T09:30:00Z', 'a0000000-0000-0000-0000-000000000001', '{"ip":"192.168.1.102","method":"Local"}'),
  ('70000000-0000-0000-0000-000000000030', 'Identity', 'UserLogin', 'b0000000-0000-0000-0000-000000000003', 'User', 'dev@nextraceone.dev', '2025-06-01T08:00:00Z', 'a0000000-0000-0000-0000-000000000001', '{"ip":"192.168.1.103","method":"Local"}'),
  ('70000000-0000-0000-0000-000000000031', 'Identity', 'UserCreated', 'b0000000-0000-0000-0000-000000000009', 'User', 'system', '2025-02-01T00:00:00Z', 'a0000000-0000-0000-0000-000000000002', '{"email":"camila.rocha@nextraceone.dev","role":"PlatformAdmin"}'),
  ('70000000-0000-0000-0000-000000000032', 'Identity', 'UserCreated', 'b0000000-0000-0000-0000-000000000010', 'User', 'camila.rocha@nextraceone.dev', '2025-02-15T00:00:00Z', 'a0000000-0000-0000-0000-000000000002', '{"email":"felipe.souza@nextraceone.dev","role":"Auditor"}'),
  ('70000000-0000-0000-0000-000000000033', 'RulesetGovernance', 'RulesetCreated', '40000000-0000-0000-0000-000000000004', 'Ruleset', 'pedro.alves@nextraceone.dev', '2025-03-10T00:00:00Z', 'a0000000-0000-0000-0000-000000000001', '{"name":"Pagination Standards","type":"Spectral"}'),
  ('70000000-0000-0000-0000-000000000034', 'RulesetGovernance', 'RulesetCreated', '40000000-0000-0000-0000-000000000005', 'Ruleset', 'admin@nextraceone.dev', '2025-03-15T00:00:00Z', 'a0000000-0000-0000-0000-000000000001', '{"name":"Error Response Format","type":"Spectral"}'),
  ('70000000-0000-0000-0000-000000000035', 'Identity', 'SecurityEventDetected', 'fb000000-0000-0000-0000-000000000006', 'SecurityEvent', 'system', '2025-05-25T14:22:00Z', 'a0000000-0000-0000-0000-000000000001', '{"eventType":"BruteForceAttempt","riskScore":80,"ip":"185.220.101.34"}')
ON CONFLICT DO NOTHING;

-- Audit Chain Links
INSERT INTO aud_audit_chain_links ("Id", "SequenceNumber", "CurrentHash", "PreviousHash", "CreatedAt", "AuditEventId")
VALUES
  ('71000000-0000-0000-0000-000000000001', 1, 'sha256:a1b2c3d4e5f6a1b2c3d4e5f6a1b2c3d4e5f6a1b2c3d4e5f6a1b2c3d4e5f6a1b2', 'sha256:0000000000000000000000000000000000000000000000000000000000000000', '2025-01-01T00:00:00Z', '70000000-0000-0000-0000-000000000001'),
  ('71000000-0000-0000-0000-000000000002', 2, 'sha256:b2c3d4e5f6a1b2c3d4e5f6a1b2c3d4e5f6a1b2c3d4e5f6a1b2c3d4e5f6a1b2c3', 'sha256:a1b2c3d4e5f6a1b2c3d4e5f6a1b2c3d4e5f6a1b2c3d4e5f6a1b2c3d4e5f6a1b2', '2025-01-01T00:01:00Z', '70000000-0000-0000-0000-000000000002'),
  ('71000000-0000-0000-0000-000000000003', 3, 'sha256:c3d4e5f6a1b2c3d4e5f6a1b2c3d4e5f6a1b2c3d4e5f6a1b2c3d4e5f6a1b2c3d4', 'sha256:b2c3d4e5f6a1b2c3d4e5f6a1b2c3d4e5f6a1b2c3d4e5f6a1b2c3d4e5f6a1b2c3', '2025-03-01T10:00:00Z', '70000000-0000-0000-0000-000000000003'),
  ('71000000-0000-0000-0000-000000000004', 4, 'sha256:d4e5f6a1b2c3d4e5f6a1b2c3d4e5f6a1b2c3d4e5f6a1b2c3d4e5f6a1b2c3d4e5', 'sha256:c3d4e5f6a1b2c3d4e5f6a1b2c3d4e5f6a1b2c3d4e5f6a1b2c3d4e5f6a1b2c3d4', '2025-05-15T14:00:00Z', '70000000-0000-0000-0000-000000000004'),
  ('71000000-0000-0000-0000-000000000005', 5, 'sha256:e5f6a1b2c3d4e5f6a1b2c3d4e5f6a1b2c3d4e5f6a1b2c3d4e5f6a1b2c3d4e5f6', 'sha256:d4e5f6a1b2c3d4e5f6a1b2c3d4e5f6a1b2c3d4e5f6a1b2c3d4e5f6a1b2c3d4e5', '2025-05-15T15:00:00Z', '70000000-0000-0000-0000-000000000005'),
  ('71000000-0000-0000-0000-000000000006', 6, 'sha256:f6a1b2c3d4e5f6a1b2c3d4e5f6a1b2c3d4e5f6a1b2c3d4e5f6a1b2c3d4e5f6a1', 'sha256:e5f6a1b2c3d4e5f6a1b2c3d4e5f6a1b2c3d4e5f6a1b2c3d4e5f6a1b2c3d4e5f6', '2025-05-15T15:35:00Z', '70000000-0000-0000-0000-000000000006'),
  ('71000000-0000-0000-0000-000000000007', 7, 'sha256:a2b3c4d5e6f1a2b3c4d5e6f1a2b3c4d5e6f1a2b3c4d5e6f1a2b3c4d5e6f1a2b3', 'sha256:f6a1b2c3d4e5f6a1b2c3d4e5f6a1b2c3d4e5f6a1b2c3d4e5f6a1b2c3d4e5f6a1', '2025-05-15T17:00:00Z', '70000000-0000-0000-0000-000000000007'),
  ('71000000-0000-0000-0000-000000000008', 8, 'sha256:b3c4d5e6f1a2b3c4d5e6f1a2b3c4d5e6f1a2b3c4d5e6f1a2b3c4d5e6f1a2b3c4', 'sha256:a2b3c4d5e6f1a2b3c4d5e6f1a2b3c4d5e6f1a2b3c4d5e6f1a2b3c4d5e6f1a2b3', '2025-06-01T10:00:00Z', '70000000-0000-0000-0000-000000000008'),
  ('71000000-0000-0000-0000-000000000009', 9, 'sha256:c4d5e6f1a2b3c4d5e6f1a2b3c4d5e6f1a2b3c4d5e6f1a2b3c4d5e6f1a2b3c4d5', 'sha256:b3c4d5e6f1a2b3c4d5e6f1a2b3c4d5e6f1a2b3c4d5e6f1a2b3c4d5e6f1a2b3c4', '2025-06-01T11:30:00Z', '70000000-0000-0000-0000-000000000025'),
  ('71000000-0000-0000-0000-000000000010', 10, 'sha256:d5e6f1a2b3c4d5e6f1a2b3c4d5e6f1a2b3c4d5e6f1a2b3c4d5e6f1a2b3c4d5e6', 'sha256:c4d5e6f1a2b3c4d5e6f1a2b3c4d5e6f1a2b3c4d5e6f1a2b3c4d5e6f1a2b3c4d5', '2025-06-02T14:45:00Z', '70000000-0000-0000-0000-000000000026')
ON CONFLICT DO NOTHING;

-- Retention Policies
INSERT INTO aud_retention_policies ("Id", "Name", "RetentionDays", "IsActive")
VALUES
  ('72000000-0000-0000-0000-000000000001', 'Standard Retention', 365, true),
  ('72000000-0000-0000-0000-000000000002', 'Compliance Retention', 2555, true),
  ('72000000-0000-0000-0000-000000000003', 'Short-Term Retention', 90, true)
ON CONFLICT DO NOTHING;
